{"accuracy": [0.5930436253547668, 0.8576854467391968, 0.9109609723091125, 0.938245952129364, 0.9532541632652283, 0.9633544087409973, 0.9715626835823059, 0.9746923446655273, 0.9803969264030457, 0.9803115725517273], "loss": [1.3860158920288086, 0.44864532351493835, 0.2724829912185669, 0.19170646369457245, 0.14375272393226624, 0.11313764750957489, 0.0864502489566803, 0.07744164019823074, 0.061553146690130234, 0.0606522262096405], "val_accuracy": [0.7948440909385681, 0.9109947681427002, 0.8858979940414429, 0.9356931447982788, 0.9383678436279297, 0.9574322700500488, 0.9640905857086182, 0.9528796076774597, 0.9483838081359863, 0.9554404616355896], "val_loss": [0.6520680785179138, 0.2764723300933838, 0.3664591908454895, 0.1978520303964615, 0.19778087735176086, 0.13838770985603333, 0.12766921520233154, 0.16230149567127228, 0.17681068181991577, 0.16210104525089264]}